-- phpMyAdmin SQL Dump
-- version 4.4.15.10
-- https://www.phpmyadmin.net
--
-- Host: localhost
-- Generation Time: 2019-01-08 14:48:42
-- 服务器版本： 5.5.59-log
-- PHP Version: 5.4.45

SET SQL_MODE = "NO_AUTO_VALUE_ON_ZERO";
SET time_zone = "+00:00";


/*!40101 SET @OLD_CHARACTER_SET_CLIENT=@@CHARACTER_SET_CLIENT */;
/*!40101 SET @OLD_CHARACTER_SET_RESULTS=@@CHARACTER_SET_RESULTS */;
/*!40101 SET @OLD_COLLATION_CONNECTION=@@COLLATION_CONNECTION */;
/*!40101 SET NAMES utf8mb4 */;

--
-- Database: `FFXIV`
--

-- --------------------------------------------------------

--
-- 表的结构 `ffxivbot_boss`
--

CREATE TABLE IF NOT EXISTS `ffxivbot_boss` (
  `boss_id` int(11) NOT NULL,
  `name` varchar(64) NOT NULL,
  `cn_name` varchar(64) NOT NULL,
  `nickname` longtext NOT NULL,
  `add_time` bigint(20) NOT NULL,
  `cn_add_time` bigint(20) NOT NULL,
  `quest_id` int(11) NOT NULL,
  `parsed_days` int(11) NOT NULL,
  `frozen` tinyint(1) NOT NULL
) ENGINE=InnoDB DEFAULT CHARSET=utf8;

--
-- 转存表中的数据 `ffxivbot_boss`
--

INSERT INTO `ffxivbot_boss` (`boss_id`, `name`, `cn_name`, `nickname`, `add_time`, `cn_add_time`, `quest_id`, `parsed_days`, `frozen`) VALUES
(51, 'Phantom Train', '魔列车', '{"nickname": ["5s","5S","O5S","o5s"] }', 1517529600, 1526313600, 21, 229, 1),
(52, 'Demon Chadarnook', '恶魔查达奴克', '{"nickname": ["6s","6S","O6S","o6s","画魔","查达奴克","查达努克","恶魔查达努克"] }', 1517529600, 1526313600, 21, 229, 1),
(53, 'Guardian', '守护者', '{"nickname": ["7s","7S","O7S","o7s"] }', 1517529600, 1526313600, 21, 0, 1),
(54, 'Kefka', '凯夫卡（门神）', '{"nickname": ["门神"] }', 1517529600, 1526313600, 21, 229, 1),
(55, 'God Kefka', '凯夫卡（本体）', '{"name": "God Kefka", "nickname": ["卡夫卡", "本体", "凯夫卡", "小丑", "8s", "o8s", "8S", "O8S"] }', 1517529600, 1526313600, 21, 0, 1),
(60, 'Chaos', '卡奥斯', '{"nickname":["卡卡","o9s","9s","O9S","9S"]}', 1537660800, 1537833600, 25, 46, 0),
(61, 'Midgardsormr', '尘世幻龙', '{"nickname":["o10s","10s","O10S","10S","尘世幻龙"]}', 1537660800, 1537833600, 25, 46, 0),
(62, 'Omega', '欧米茄', '{"nickname":["o11s","11s","O11S","11S"]}', 1537660800, 1537833600, 25, 46, 0),
(63, 'Omega-M and Omega-F', '欧米茄男女', '{"nickname":["o12s门神","12s门神","O12S门神","12S门神","男女","狗男女"]}', 1537660800, 1537833600, 25, 46, 0),
(64, 'The Final Omega', '终级欧米茄', '{"nickname":["o12s","12s","O12S","12S","o12s本体","12s本体","O12S本体","12S本体"]}', 1537660800, 1537833600, 25, 46, 0),
(1039, 'Bahamut Prime', '至尊巴哈姆特', '{"nickname":["绝巴哈","jio巴哈","巴哈","Jio巴哈"]}', 1514160000, 1514160000, 19, 0, 0),
(1040, 'Byakko', '极白虎', '{"nickname": ["鸡掰虎","鸡掰猫","白虎","白猫","极白猫","大长腿"] }', 1517529600, 1526313600, 15, 261, 0),
(1041, 'Tsukuyomi', '极月读', '{"nickname":["极月神","极夜神","极夜露","极月","极夜","夜露","月读"]}', 1527206400, 1536105600, 15, 146, 0),
(1042, 'The Ultima Weapon', '究极神兵', '{"nickname":["绝神兵","jio神兵","神兵","Jio神兵"]}', 1529971200, 1529971200, 23, 0, 0),
(1043, 'Suzaku', '极朱雀', '{"nickname":["南条爱乃","征婚战","朱雀"]}', 1537920000, 1537920000, 15, 0, 0);

-- --------------------------------------------------------

--
-- 表的结构 `ffxivbot_job`
--

CREATE TABLE IF NOT EXISTS `ffxivbot_job` (
  `id` int(11) NOT NULL,
  `name` varchar(64) NOT NULL,
  `cn_name` varchar(64) NOT NULL,
  `nickname` longtext NOT NULL
) ENGINE=InnoDB AUTO_INCREMENT=16 DEFAULT CHARSET=utf8;

--
-- 转存表中的数据 `ffxivbot_job`
--

INSERT INTO `ffxivbot_job` (`id`, `name`, `cn_name`, `nickname`) VALUES
(1, 'Astrologian', '占星术士', '{"nickname": ["占星"] }'),
(2, 'Bard', '吟游诗人', '{"nickname": ["诗人"] }'),
(3, 'BlackMage', '黑魔法师', '{"nickname": ["黑魔","黑膜","blm","BLM"] }'),
(4, 'DarkKnight', '暗黑骑士', '{"nickname": ["暗骑","黑骑","dk","DK"] }'),
(5, 'Dragoon', '龙骑士', '{"nickname": ["龙骑","躺尸龙"] }'),
(6, 'Machinist', '机工士', '{"nickname": ["机工"] }'),
(7, 'Monk', '武僧', '{}'),
(8, 'Ninja', '忍者', '{"nickname": ["兔子","兔忍"] }'),
(9, 'Paladin', '骑士', '{"nickname": ["彩骑","大翅膀","pld","PLD"] }'),
(10, 'Scholar', '学者', '{"nickname": ["小仙女","小仙女的召唤兽"] }'),
(11, 'Summoner', '召唤师', '{"nickname": ["召唤"] }'),
(12, 'Warrior', '战士', '{"nickname": ["战爹","锯爆","WAR","war","War"] }'),
(13, 'WhiteMage', '白魔法师', '{"nickname": ["白魔","白膜"] }'),
(14, 'RedMage', '赤魔法师', '{"nickname": ["赤魔","吃馍"] }'),
(15, 'Samurai', '武士', '{"nickname":["侍","Sam","sam"]}');

-- --------------------------------------------------------

--
-- 表的结构 `ffxivbot_quest`
--

CREATE TABLE IF NOT EXISTS `ffxivbot_quest` (
  `quest_id` int(11) NOT NULL,
  `name` varchar(64) NOT NULL,
  `cn_name` varchar(64) NOT NULL
) ENGINE=InnoDB DEFAULT CHARSET=utf8;

--
-- 转存表中的数据 `ffxivbot_quest`
--

INSERT INTO `ffxivbot_quest` (`quest_id`, `name`, `cn_name`) VALUES
(15, 'Trials (Extreme)', '蛮神（极）'),
(19, 'The Binding Coil of Bahamut', '巴哈姆特大迷宫'),
(21, 'Omega: Sigmascape (Savage)', '欧米茄零式时空狭缝（西格玛幻境）'),
(23, 'The Weapon''s Refrain', '究极神兵绝境战'),
(25, 'Omega: Alphascape (Savage)', '欧米茄零式时空狭缝（阿尔法幻境）');

-- --------------------------------------------------------

--
-- 表的结构 `ffxivbot_server`
--

CREATE TABLE IF NOT EXISTS `ffxivbot_server` (
  `id` int(11) NOT NULL,
  `name` varchar(16) NOT NULL,
  `areaId` int(11) NOT NULL,
  `groupId` int(11) NOT NULL,
  `alter_names` longtext NOT NULL
) ENGINE=InnoDB AUTO_INCREMENT=14 DEFAULT CHARSET=utf8;

--
-- 转存表中的数据 `ffxivbot_server`
--

INSERT INTO `ffxivbot_server` (`id`, `name`, `areaId`, `groupId`, `alter_names`) VALUES
(1, '拉诺西亚', 1, 3, '[]'),
(2, '紫水栈桥', 1, 4, '[]'),
(3, '幻影群岛', 1, 5, '[]'),
(4, '摩杜纳', 1, 6, '["魔都"]'),
(5, '神意之地', 1, 23, '[]'),
(6, '静语庄园', 1, 24, '["鲸鱼"]'),
(7, '萌芽池', 1, 25, '[]'),
(8, '延夏', 1, 26, '["眼瞎","炎夏"]'),
(9, '红玉海', 1, 27, '["瓜海"]'),
(10, '潮风亭', 1, 61, '["嘲讽亭"]'),
(11, '神拳痕', 1, 62, '[]'),
(12, '白银乡', 1, 63, '[]'),
(13, '白金幻象', 1, 64, '[]');

-- --------------------------------------------------------

--
-- 表的结构 `ffxivbot_sorrygif`
--

CREATE TABLE IF NOT EXISTS `ffxivbot_sorrygif` (
  `id` int(11) NOT NULL,
  `name` varchar(16) NOT NULL,
  `api_name` varchar(32) NOT NULL,
  `example` longtext NOT NULL
) ENGINE=InnoDB AUTO_INCREMENT=13 DEFAULT CHARSET=utf8;

--
-- 转存表中的数据 `ffxivbot_sorrygif`
--

INSERT INTO `ffxivbot_sorrygif` (`id`, `name`, `api_name`, `example`) VALUES
(1, '为所欲为', 'sorry', '好啊|就算你是一流工程师|就算你出报告再完美|我叫你改报告你就要改|毕竟我是客户|客户了不起啊|sorry 客户真的了不起|以后叫他天天改报告|天天改 天天改'),
(2, '王境泽', 'wangjingze', '我就是饿死|死外边 从这跳下去|也不会吃你们一点东西|真香'),
(3, '金坷垃', 'jinkela', '金坷垃好处都有啥|谁说对了就给他|肥料掺了金坷垃|不流失 不蒸发 零浪费|肥料掺了金坷垃|能吸收两米下的氮磷钾'),
(4, '土拨鼠', 'marmot', '啊~|啊~~~'),
(5, '窃格瓦拉', 'dagong', '没有钱啊 肯定要做的啊|不做的话没有钱用|那你不会去打工啊|有手有脚的|打工是不可能打工的|这辈子不可能打工的'),
(6, '偷电动车', 'diandongche', '戴帽子的首先进里边去|开始拿剪刀出来 拿那个手机|手机上有电筒 用手机照射|寻找那个比较新的电动车|六月六号 两名男子再次出现|民警立即将两人抓获'),
(7, '工作细胞', 'hataraku', '那个呢 那个呢|因为出了些状况|施工进度推迟了'),
(8, '元首', 'fuhrer', '我们装备再好 总会死在外挂手里|没关系 我们可以苦练枪法|这外挂..|这外挂有锁血的 根本打不死|。。。'),
(9, '防身术', 'fangshen', '我将教你如何应对歹徒|集中注意|希望你有所收获'),
(10, '星际还是魔兽', 'dati', '平时你打电子游戏吗|偶尔|星际还是魔兽|连连看'),
(11, '今天星期五', 'friday', '今天星期五了|我的天|明天不上班|熬夜到天亮|再睡上一整天|周五万岁'),
(12, '谁反对', 'mini-disagree', '我话说完了|谁赞成|谁反对|我反对');

-- --------------------------------------------------------

--
-- 表的结构 `ffxivbot_territory`
--

CREATE TABLE IF NOT EXISTS `ffxivbot_territory` (
  `id` int(11) NOT NULL,
  `name` varchar(32) NOT NULL,
  `nickname` longtext NOT NULL,
  `weather_rate_id` int(11) DEFAULT NULL
) ENGINE=InnoDB AUTO_INCREMENT=263 DEFAULT CHARSET=utf8;

--
-- 转存表中的数据 `ffxivbot_territory`
--

INSERT INTO `ffxivbot_territory` (`id`, `name`, `nickname`, `weather_rate_id`) VALUES
(1, '利姆萨·罗敏萨上层甲板', '[]', 58),
(2, '利姆萨·罗敏萨下层甲板', '[]', 15),
(3, '乌尔达哈现世回廊', '[]', 95),
(4, '乌尔达哈来生回廊', '[]', 8),
(5, '格里达尼亚新街', '[]', 0),
(6, '格里达尼亚旧街', '[]', 2),
(7, '中拉诺西亚', '[]', 16),
(8, '拉诺西亚低地', '[]', 17),
(9, '海雾村', '[]', 32),
(10, '东拉诺西亚', '[]', 18),
(11, '西拉诺西亚', '[]', 19),
(12, '拉诺西亚高地', '[]', 20),
(13, '西萨纳兰', '[]', 9),
(14, '中萨纳兰', '[]', 10),
(15, '日影地修炼所', '[]', 0),
(16, '云廊', '[]', 28),
(17, '金碟游乐场', '[]', 0),
(18, '东萨纳兰', '[]', 11),
(19, '南萨纳兰', '[]', 12),
(20, '北萨纳兰', '[]', 13),
(21, '黑衣森林中央林区', '[]', 3),
(22, '狼狱演习场', '[]', 65),
(23, '密约之塔', '[]', 74),
(24, '暗之世界', '[]', 0),
(25, '黑衣森林东部林区', '[]', 4),
(26, '黑衣森林南部林区', '[]', 58),
(27, '黑衣森林北部林区', '[]', 6),
(28, '库尔札斯中央高地', '[]', 21),
(29, '摩杜纳', '[]', 22),
(30, '沙斯塔夏溶洞', '[]', 0),
(31, '布雷福洛克斯野营地', '[]', 37),
(32, '放浪神古神殿', '[]', 0),
(33, '天狼星灯塔', '[]', 28),
(34, '铜铃铜山', '[]', 0),
(35, '喀恩埋没圣堂', '[]', 41),
(36, '塔姆·塔拉墓园', '[]', 0),
(37, '静语庄园', '[]', 0),
(38, '无限城古堡', '[]', 40),
(39, '石卫塔', '[]', 42),
(40, '托托·拉克千狱', '[]', 0),
(41, '樵鸣洞', '[]', 0),
(42, '泽梅尔要塞', '[]', 0),
(43, '黄金谷', '[]', 0),
(44, '古代人迷宫', '[]', 0),
(45, '陌迪翁牢狱', '[]', 0),
(46, '后桅旅店', '[]', 0),
(47, '沙钟旅亭', '[]', 0),
(48, '栖木旅馆', '[]', 0),
(49, '拉诺西亚外地', '[]', 24),
(50, '利姆萨·罗敏萨', '[]', 0),
(51, '诸神黄昏级六号舰舰体中央', '[]', 0),
(52, '诸神黄昏级六号舰再生控制区', '[]', 0),
(53, '诸神黄昏级六号舰第一舰桥', '[]', 0),
(54, '龙炎核心', '[]', 44),
(55, '提督室', '[]', 14),
(56, '炎帝陵', '[]', 28),
(57, '神勇队司令室', '[]', 0),
(58, '芙蓉圆桌', '[]', 0),
(59, '奥·哥摩罗火口神殿', '[]', 23),
(60, '荆棘之园', '[]', 30),
(61, '呼啸眼石塔群', '[]', 26),
(62, '银胄团总长室', '[]', 0),
(63, '沙之家', '[]', 0),
(64, '帝国南方堡', '[]', 0),
(65, '天幕魔导城', '[]', 0),
(66, '陨石勘查坑表层', '[]', 0),
(67, '陨石勘查坑深层', '[]', 0),
(68, '诸神黄昏级拘束舰', '[]', 0),
(69, '隔离壁', '[]', 0),
(70, '中枢区', '[]', 0),
(71, '诸神黄昏级四号舰第一舰桥', '[]', 0),
(72, '第一舰桥', '[]', 0),
(73, '狼狱停船场', '[]', 0),
(74, '次元缝隙迎宾室', '[]', 0),
(75, '对利维亚桑双体船', '[]', 38),
(76, '海雾村私人小屋', '[]', 0),
(77, '海雾村私人公馆', '[]', 0),
(78, '海雾村私人别墅', '[]', 0),
(79, '罗塔诺海', '[]', 0),
(80, '呼啸眼外围', '[]', 26),
(81, '艾欧泽亚地下空间', '[]', 0),
(82, '薰衣草苗圃', '[]', 34),
(83, '高脚孤丘', '[]', 33),
(84, '薰衣草苗圃私人小屋', '[]', 0),
(85, '薰衣草苗圃私人公馆', '[]', 0),
(86, '薰衣草苗圃私人别墅', '[]', 0),
(87, '高脚孤丘私人小屋', '[]', 0),
(88, '高脚孤丘私人公馆', '[]', 0),
(89, '高脚孤丘私人别墅', '[]', 0),
(90, '后营门', '[]', 31),
(91, '石之家', '[]', 0),
(92, '残骸岛', '[]', 70),
(93, '抑制绝境S1T7', '[]', 66),
(94, '陨石背阴地', '[]', 58),
(95, '拘束舰外围', '[]', 28),
(96, '诸神黄昏级三号舰舰体中央', '[]', 0),
(97, '诸神黄昏级三号舰作战室', '[]', 0),
(98, '破舰岛', '[]', 68),
(99, '无限城市街古迹', '[]', 63),
(100, '狮鹫大桥', '[]', 0),
(101, '圣人泪', '[]', 21),
(102, '兽斗间', '[]', 0),
(103, '诸神黄昏级三号舰第一舰桥', '[]', 0),
(104, '披雪大冰壁', '[]', 42),
(105, '希尔科斯塔', '[]', 0),
(106, '神判古树', '[]', 43),
(107, '加尔提诺平原周边遗迹群', '[]', 0),
(108, '无尽轮回剧场', '[]', 46),
(109, '海雾村个人房间', '[]', 0),
(110, '薰衣草苗圃个人房间', '[]', 0),
(111, '高脚孤丘个人房间', '[]', 0),
(112, '陆行鸟广场', '[]', 0),
(113, '十二神大圣堂', '[]', 0),
(114, '接待室', '[]', 0),
(115, '库尔札斯西部高地', '[]', 49),
(116, '龙堡参天高地', '[]', 50),
(117, '龙堡内陆低地', '[]', 51),
(118, '翻云雾海', '[]', 86),
(119, '阿巴拉提亚云海', '[]', 53),
(120, '魔大陆阿济兹拉', '[]', 54),
(121, '阿拉米格', '[]', 0),
(122, '迦巴勒幻想图书馆', '[]', 0),
(123, '伊修加德基础层', '[]', 0),
(124, '伊修加德砥柱层', '[]', 48),
(125, '不获岛', '[]', 0),
(126, '伊修加德教皇厅', '[]', 58),
(127, '海雾村部队工房', '[]', 0),
(128, '高脚孤丘部队工房', '[]', 0),
(129, '薰衣草苗圃部队工房', '[]', 0),
(130, '戒律之茧', '[]', 0),
(131, '圣恩达利姆神学院', '[]', 0),
(132, '神殿骑士团总骑士长室', '[]', 0),
(133, '九霄云舍', '[]', 0),
(134, '无限回廊', '[]', 0),
(135, '尘封秘岩', '[]', 0),
(136, '武神斗技场', '[]', 57),
(137, '福尔唐伯爵府', '[]', 0),
(138, '暮卫塔', '[]', 42),
(139, '龙巢神殿', '[]', 28),
(140, '无尽苍空', '[]', 28),
(141, '奇点反应堆', '[]', 56),
(142, '魔科学研究所', '[]', 0),
(143, '轻羽斗场', '[]', 0),
(144, '决斗裁判场', '[]', 0),
(145, '索姆阿尔灵峰', '[]', 0),
(146, '戈耳狄俄斯之拳', '[]', 0),
(147, '戈耳狄俄斯之袖', '[]', 0),
(148, '戈耳狄俄斯之臂', '[]', 0),
(149, '戈耳狄俄斯之担', '[]', 0),
(150, '供奉洞', '[]', 0),
(151, '玛托雅的洞穴', '[]', 0),
(152, '田园郡', '[]', 55),
(153, '开发室', '[]', 0),
(154, '亚历山大机神城', '[]', 0),
(155, '魔大陆中枢', '[]', 0),
(156, '魔航船虚无方舟', '[]', 37),
(157, '圣茉夏娜植物园', '[]', 0),
(158, '云冠群岛', '[]', 71),
(159, '颠倒塔', '[]', 0),
(160, '弥达斯之拳', '[]', 0),
(161, '弥达斯之袖', '[]', 0),
(162, '弥达斯之臂', '[]', 0),
(163, '弥达斯之担', '[]', 0),
(164, '双蛇党军营', '[]', 0),
(165, '恒辉队军营', '[]', 0),
(166, '黑涡团军营', '[]', 0),
(167, '群狼困斗', '[]', 0),
(168, '荣誉野', '[]', 67),
(169, '忆罪宫', '[]', 0),
(170, '禁忌城邦玛哈', '[]', 37),
(171, '水城宝物库', '[]', 0),
(172, '死者宫殿', '[]', 0),
(173, '帕洛克系留基地', '[]', 0),
(174, '利奥法德的房间', '[]', 0),
(175, '亡灵府邸闹鬼庄园', '[]', 0),
(176, '塞尔法特尔溪谷', '[]', 40),
(177, '中桅塔大厅', '[]', 0),
(178, '百合岭大厅', '[]', 0),
(179, '娜娜莫大风车大厅', '[]', 0),
(180, '抑制绝境P1T6', '[]', 69),
(181, '幻卡对局室', '[]', 0),
(182, '亚历山大之眼', '[]', 0),
(183, '亚历山大之息', '[]', 0),
(184, '亚历山大之心', '[]', 0),
(185, '亚历山大之魂', '[]', 0),
(186, '中桅塔房间', '[]', 0),
(187, '百合岭房间', '[]', 0),
(188, '娜娜莫大风车房间', '[]', 0),
(189, '福隆戴尔药学院儿科病房', '[]', 0),
(190, '基拉巴尼亚边区', '[]', 79),
(191, '红玉海', '[]', 83),
(192, '延夏', '[]', 0),
(193, '巴埃萨长城', '[]', 40),
(194, '紫水宫', '[]', 0),
(195, '基拉巴尼亚山区', '[]', 28),
(196, '基拉巴尼亚湖区', '[]', 81),
(197, '太阳神草原', '[]', 85),
(198, '巴儿达木霸道', '[]', 0),
(199, '妖歌海', '[]', 36),
(200, '影之国', '[]', 58),
(201, '黄金港', '[]', 82),
(202, '望海楼', '[]', 82),
(203, '地衣宫演习场', '[]', 73),
(204, '神拳痕', '[]', 89),
(205, '欧米茄控制室', '[]', 0),
(206, '抑制绝境Z1T9', '[]', 75),
(207, '乌尔达哈商会馆接待室', '[]', 0),
(208, '白银乡', '[]', 82),
(209, '白银乡私人小屋', '[]', 0),
(210, '白银乡私人公馆', '[]', 0),
(211, '白银乡私人别墅', '[]', 0),
(212, '白银乡个人房间', '[]', 0),
(213, '白银乡部队工房', '[]', 0),
(214, '红梅御殿大厅', '[]', 0),
(215, '红梅御殿房间', '[]', 0),
(216, '时空狭缝', '[]', 92),
(217, '多玛王城', '[]', 0),
(218, '帝国白山堡', '[]', 0),
(219, '黄金阁', '[]', 0),
(220, '星导寺', '[]', 0),
(221, '宝物殿', '[]', 77),
(222, '阿拉米格王立飞空艇着陆场', '[]', 76),
(223, '惨境号', '[]', 36),
(224, '烈士庵', '[]', 84),
(225, '多玛飞地', '[]', 84),
(226, '天母寝宫地下祭坛', '[]', 0),
(227, '德尔塔幻境1', '[]', 88),
(228, '德尔塔幻境2', '[]', 88),
(229, '德尔塔幻境3', '[]', 88),
(230, '德尔塔幻境4', '[]', 88),
(231, '乌兹奈藏宝运河', '[]', 0),
(232, '美神地下神殿', '[]', 87),
(233, '阿拉米格王宫屋顶庭园', '[]', 0),
(234, '距骨研究所', '[]', 0),
(235, '结晶化空间', '[]', 76),
(236, '沉没神殿斯卡拉遗迹', '[]', 0),
(237, '优雷卡常风之地', '["常风之地"]', 91),
(238, '巴哈姆特大迷宫', '[]', 0),
(239, '失落之都拉巴纳斯塔', '[]', 0),
(240, '剧场艇初见号道具间', '[]', 0),
(241, '剧场艇初见号舰桥', '[]', 0),
(242, '阿拉米格王宫', '[]', 0),
(243, '超越技术研究所', '[]', 0),
(244, '狱之盖', '[]', 0),
(245, '归燕馆', '[]', 0),
(246, '水晶塔演习场', '[]', 90),
(247, '白帝竹林', '[]', 93),
(248, '西格玛幻境1', '[]', 92),
(249, '西格玛幻境2', '[]', 92),
(250, '西格玛幻境3', '[]', 92),
(251, '西格玛幻境4', '[]', 92),
(252, '大草原猎场', '[]', 0),
(253, '优雷卡恒冰之地', '["恒冰之地"]', 94),
(254, '醴泉神社', '[]', 0),
(255, '岩燕庙', '[]', 0),
(256, '终末焦土', '[]', 0),
(257, '天之御柱', '[]', 0),
(258, '封闭圣塔黎铎拉纳大灯塔', '[]', 0),
(259, '禁绝幻想', '[]', 26),
(260, '帝国河畔堡', '[]', 0),
(261, '醴泉神社神道', '[]', 0),
(262, '黎铎拉纳大瀑布', '[]', 0);

-- --------------------------------------------------------

--
-- 表的结构 `ffxivbot_weather`
--

CREATE TABLE IF NOT EXISTS `ffxivbot_weather` (
  `id` int(11) NOT NULL,
  `name` varchar(32) NOT NULL
) ENGINE=InnoDB DEFAULT CHARSET=utf8;

--
-- 转存表中的数据 `ffxivbot_weather`
--

INSERT INTO `ffxivbot_weather` (`id`, `name`) VALUES
(1, '碧空'),
(2, '晴朗'),
(3, '阴云'),
(4, '薄雾'),
(5, '微风'),
(6, '强风'),
(7, '小雨'),
(8, '暴雨'),
(9, '打雷'),
(10, '雷雨'),
(11, '扬沙'),
(12, '沙尘暴'),
(13, '高温'),
(14, '热浪'),
(15, '小雪'),
(16, '暴雪'),
(17, '妖雾'),
(18, '极光'),
(19, '黑暗'),
(20, '绝命'),
(21, '阴云'),
(22, '雷云'),
(23, '暴风雨'),
(24, '暴风雨'),
(25, '阴沉'),
(26, '热浪'),
(27, '妖雾'),
(28, '暴风'),
(29, '烟雾'),
(30, '晴朗'),
(31, '晴朗'),
(32, '晴朗'),
(33, '晴朗'),
(34, '晴朗'),
(35, '极光'),
(36, '辉核'),
(37, '辉核'),
(38, '辉核'),
(39, '辉核'),
(40, '滩云'),
(41, '滩云'),
(42, '滩云'),
(43, '滩云'),
(44, '神意'),
(45, '神意'),
(46, '神意'),
(47, '神意'),
(48, '神意'),
(49, '灵风'),
(50, '灵电'),
(51, '烟武'),
(52, '晴朗'),
(53, '兽雷'),
(54, '雷波'),
(55, '兽雷'),
(56, '神意'),
(57, '打雷'),
(58, '打雷'),
(59, ''),
(60, '神秘'),
(61, '神秘'),
(62, '小雨'),
(63, '晴朗'),
(64, '小雨'),
(65, '晴朗'),
(66, '邪天'),
(67, '邪天'),
(68, '晴朗'),
(69, '平衡'),
(70, '平衡'),
(71, '时光'),
(72, '时光'),
(73, '时光'),
(74, '鬼气'),
(75, '鬼气'),
(76, '鬼气'),
(77, '次元'),
(78, '次元'),
(79, '次元'),
(80, '豪雨'),
(81, '豪雨'),
(82, '极乐'),
(83, '极乐'),
(84, '龙威'),
(85, '龙威'),
(86, '豪雨'),
(87, '迅雷'),
(88, '打雷'),
(89, '次元'),
(90, '晴朗'),
(91, '碧空'),
(92, '白旋风'),
(93, '白旋风'),
(94, '白旋风'),
(95, '幻想'),
(96, '白旋风'),
(97, '月夜'),
(98, '月夜'),
(99, '月夜'),
(100, '月夜'),
(101, '晴朗');

-- --------------------------------------------------------

--
-- 表的结构 `ffxivbot_weatherrate`
--

CREATE TABLE IF NOT EXISTS `ffxivbot_weatherrate` (
  `id` int(11) NOT NULL,
  `rate` longtext NOT NULL
) ENGINE=InnoDB DEFAULT CHARSET=utf8;

--
-- 转存表中的数据 `ffxivbot_weatherrate`
--

INSERT INTO `ffxivbot_weatherrate` (`id`, `rate`) VALUES
(0, '[[2, 100]]'),
(1, '[[7, 5], [7, 15], [4, 10], [3, 10], [2, 15], [1, 30], [2, 15]]'),
(2, '[[7, 5], [7, 15], [4, 10], [3, 10], [2, 15], [1, 30], [2, 15]]'),
(3, '[[9, 5], [7, 15], [4, 10], [3, 10], [2, 15], [1, 30], [2, 15]]'),
(4, '[[9, 5], [7, 15], [4, 10], [3, 10], [2, 15], [1, 30], [2, 15]]'),
(5, '[[4, 5], [10, 5], [9, 15], [4, 5], [3, 10], [2, 30], [1, 30]]'),
(6, '[[4, 5], [8, 5], [7, 15], [4, 5], [3, 10], [2, 30], [1, 30]]'),
(7, '[[1, 40], [2, 20], [3, 25], [4, 10], [7, 5]]'),
(8, '[[1, 40], [2, 20], [3, 25], [4, 10], [7, 5]]'),
(9, '[[1, 40], [2, 20], [3, 25], [4, 10], [7, 5]]'),
(10, '[[11, 15], [1, 40], [2, 20], [3, 10], [4, 10], [7, 5]]'),
(11, '[[1, 40], [2, 20], [3, 10], [4, 10], [7, 5], [8, 15]]'),
(12, '[[14, 20], [1, 40], [2, 20], [3, 10], [4, 10]]'),
(13, '[[1, 5], [2, 15], [3, 30], [4, 50]]'),
(14, '[[3, 20], [1, 30], [2, 30], [4, 10], [7, 10]]'),
(15, '[[3, 20], [1, 30], [2, 30], [4, 10], [7, 10]]'),
(16, '[[3, 20], [1, 30], [2, 20], [5, 10], [4, 10], [7, 10]]'),
(17, '[[3, 20], [1, 30], [2, 20], [5, 10], [4, 10], [7, 10]]'),
(18, '[[4, 5], [1, 45], [2, 30], [3, 10], [7, 5], [8, 5]]'),
(19, '[[4, 10], [1, 30], [2, 20], [3, 20], [5, 10], [6, 10]]'),
(20, '[[1, 30], [2, 20], [3, 20], [4, 10], [9, 10], [10, 10]]'),
(21, '[[16, 20], [15, 40], [2, 10], [1, 5], [3, 15], [4, 10]]'),
(22, '[[3, 15], [4, 15], [17, 30], [1, 15], [2, 25]]'),
(23, '[[29, 100]]'),
(24, '[[1, 30], [2, 20], [3, 20], [4, 15], [7, 15]]'),
(25, '[[26, 100]]'),
(26, '[[28, 100]]'),
(27, '[[15, 100]]'),
(28, '[[3, 100]]'),
(29, '[[3, 20], [1, 30], [2, 30], [4, 10], [10, 10]]'),
(30, '[[27, 100]]'),
(31, '[[25, 100]]'),
(32, '[[3, 20], [1, 30], [2, 20], [2, 10], [4, 10], [7, 10]]'),
(33, '[[1, 40], [2, 20], [3, 25], [4, 10], [7, 5]]'),
(34, '[[3, 5], [7, 15], [4, 10], [3, 10], [2, 15], [1, 30], [2, 15]]'),
(35, '[[15, 100]]'),
(36, '[[5, 100]]'),
(37, '[[9, 100]]'),
(38, '[[23, 100]]'),
(39, '[[24, 100]]'),
(40, '[[4, 100]]'),
(41, '[[11, 100]]'),
(42, '[[16, 100]]'),
(43, '[[22, 100]]'),
(44, '[[36, 100]]'),
(45, '[[20, 100]]'),
(46, '[[35, 100]]'),
(47, '[[15, 60], [2, 10], [1, 5], [3, 15], [4, 10]]'),
(48, '[[15, 60], [2, 10], [1, 5], [3, 15], [4, 10]]'),
(49, '[[16, 20], [15, 40], [2, 10], [1, 5], [3, 15], [4, 10]]'),
(50, '[[3, 10], [4, 10], [9, 10], [11, 10], [1, 30], [2, 30]]'),
(51, '[[3, 10], [4, 10], [7, 10], [8, 10], [1, 30], [2, 30]]'),
(52, '[[3, 10], [6, 10], [50, 20], [1, 30], [2, 30]]'),
(53, '[[1, 30], [2, 30], [3, 10], [4, 10], [5, 10], [49, 10]]'),
(54, '[[2, 35], [3, 35], [9, 30]]'),
(55, '[[3, 10], [4, 10], [7, 10], [8, 10], [1, 30], [2, 30]]'),
(56, '[[44, 100]]'),
(57, '[[51, 100]]'),
(58, '[[1, 100]]'),
(59, '[[4, 15], [7, 25], [2, 60]]'),
(60, '[[2, 40], [4, 35], [5, 20], [49, 4], [54, 1]]'),
(61, '[[2, 40], [4, 20], [5, 35], [49, 4], [54, 1]]'),
(62, '[[2, 40], [4, 25], [5, 25], [49, 8], [54, 2]]'),
(63, '[[7, 100]]'),
(64, '[[2, 60], [7, 40]]'),
(65, '[[2, 50], [7, 50]]'),
(66, '[[60, 100]]'),
(67, '[[2, 35], [15, 30], [16, 20], [4, 15]]'),
(68, '[[14, 100]]'),
(69, '[[69, 100]]'),
(70, '[[54, 100]]'),
(71, '[[2, 30], [4, 30], [5, 30], [49, 10]]'),
(72, '[[2, 65], [7, 35]]'),
(73, '[[2, 65], [7, 35]]'),
(74, '[[17, 100]]'),
(75, '[[74, 100]]'),
(76, '[[84, 100]]'),
(77, '[[80, 100]]'),
(78, '[[1, 15], [2, 45], [3, 20], [4, 10], [9, 10]]'),
(79, '[[1, 15], [2, 45], [3, 20], [4, 10], [9, 10]]'),
(80, '[[1, 10], [2, 50], [3, 15], [4, 10], [5, 10], [11, 5]]'),
(81, '[[1, 20], [2, 40], [3, 20], [4, 10], [10, 10]]'),
(82, '[[7, 10], [4, 10], [3, 20], [2, 40], [1, 20]]'),
(83, '[[9, 10], [5, 10], [3, 15], [2, 40], [1, 25]]'),
(84, '[[8, 5], [7, 10], [4, 10], [3, 15], [2, 40], [1, 20]]'),
(85, '[[6, 5], [5, 5], [7, 7], [4, 8], [3, 10], [2, 40], [1, 25]]'),
(86, '[[50, 100]]'),
(87, '[[82, 100]]'),
(88, '[[79, 100]]'),
(89, '[[88, 100]]'),
(90, '[[2, 100]]'),
(91, '[[2, 30], [6, 30], [8, 30], [15, 10]]'),
(92, '[[77, 100]]'),
(93, '[[92, 100]]'),
(94, '[[2, 10], [4, 18], [14, 18], [15, 18], [9, 18], [16, 18]]'),
(95, '[[101, 100]]');

-- --------------------------------------------------------

--
-- 表的结构 `ffxivbot_weibouser`
--

CREATE TABLE IF NOT EXISTS `ffxivbot_weibouser` (
  `id` int(11) NOT NULL,
  `name` varchar(16) NOT NULL,
  `uid` varchar(16) NOT NULL,
  `containerid` varchar(32) NOT NULL,
  `last_update_time` bigint(20) NOT NULL
) ENGINE=InnoDB AUTO_INCREMENT=4 DEFAULT CHARSET=utf8;

--
-- 转存表中的数据 `ffxivbot_weibouser`
--

INSERT INTO `ffxivbot_weibouser` (`id`, `name`, `uid`, `containerid`, `last_update_time`) VALUES
(3, '最终幻想14', '1797798792', '1076031797798792', 0);

--
-- Indexes for dumped tables
--

--
-- Indexes for table `ffxivbot_boss`
--
ALTER TABLE `ffxivbot_boss`
  ADD PRIMARY KEY (`boss_id`),
  ADD KEY `ffxivbot_boss_quest_id_56a19897_fk_ffxivbot_quest_quest_id` (`quest_id`);

--
-- Indexes for table `ffxivbot_job`
--
ALTER TABLE `ffxivbot_job`
  ADD PRIMARY KEY (`id`);

--
-- Indexes for table `ffxivbot_quest`
--
ALTER TABLE `ffxivbot_quest`
  ADD PRIMARY KEY (`quest_id`);

--
-- Indexes for table `ffxivbot_server`
--
ALTER TABLE `ffxivbot_server`
  ADD PRIMARY KEY (`id`);

--
-- Indexes for table `ffxivbot_sorrygif`
--
ALTER TABLE `ffxivbot_sorrygif`
  ADD PRIMARY KEY (`id`);

--
-- Indexes for table `ffxivbot_territory`
--
ALTER TABLE `ffxivbot_territory`
  ADD PRIMARY KEY (`id`),
  ADD KEY `ffxivbot_territory_weather_rate_id_f4e8ec78_fk_ffxivbot_` (`weather_rate_id`);

--
-- Indexes for table `ffxivbot_weather`
--
ALTER TABLE `ffxivbot_weather`
  ADD PRIMARY KEY (`id`);

--
-- Indexes for table `ffxivbot_weatherrate`
--
ALTER TABLE `ffxivbot_weatherrate`
  ADD PRIMARY KEY (`id`);

--
-- Indexes for table `ffxivbot_weibouser`
--
ALTER TABLE `ffxivbot_weibouser`
  ADD PRIMARY KEY (`id`),
  ADD UNIQUE KEY `ffxivbot_weibouser_name_b980c0f0_uniq` (`name`);

--
-- AUTO_INCREMENT for dumped tables
--

--
-- AUTO_INCREMENT for table `ffxivbot_job`
--
ALTER TABLE `ffxivbot_job`
  MODIFY `id` int(11) NOT NULL AUTO_INCREMENT,AUTO_INCREMENT=16;
--
-- AUTO_INCREMENT for table `ffxivbot_server`
--
ALTER TABLE `ffxivbot_server`
  MODIFY `id` int(11) NOT NULL AUTO_INCREMENT,AUTO_INCREMENT=14;
--
-- AUTO_INCREMENT for table `ffxivbot_sorrygif`
--
ALTER TABLE `ffxivbot_sorrygif`
  MODIFY `id` int(11) NOT NULL AUTO_INCREMENT,AUTO_INCREMENT=13;
--
-- AUTO_INCREMENT for table `ffxivbot_territory`
--
ALTER TABLE `ffxivbot_territory`
  MODIFY `id` int(11) NOT NULL AUTO_INCREMENT,AUTO_INCREMENT=263;
--
-- AUTO_INCREMENT for table `ffxivbot_weibouser`
--
ALTER TABLE `ffxivbot_weibouser`
  MODIFY `id` int(11) NOT NULL AUTO_INCREMENT,AUTO_INCREMENT=4;
--
-- 限制导出的表
--

--
-- 限制表 `ffxivbot_boss`
--
ALTER TABLE `ffxivbot_boss`
  ADD CONSTRAINT `ffxivbot_boss_quest_id_56a19897_fk_ffxivbot_quest_quest_id` FOREIGN KEY (`quest_id`) REFERENCES `ffxivbot_quest` (`quest_id`);

--
-- 限制表 `ffxivbot_territory`
--
ALTER TABLE `ffxivbot_territory`
  ADD CONSTRAINT `ffxivbot_territory_weather_rate_id_f4e8ec78_fk_ffxivbot_` FOREIGN KEY (`weather_rate_id`) REFERENCES `ffxivbot_weatherrate` (`id`);

/*!40101 SET CHARACTER_SET_CLIENT=@OLD_CHARACTER_SET_CLIENT */;
/*!40101 SET CHARACTER_SET_RESULTS=@OLD_CHARACTER_SET_RESULTS */;
/*!40101 SET COLLATION_CONNECTION=@OLD_COLLATION_CONNECTION */;
